Dpt,Nom_de_la_Circonscription,Désignation,Nuance,Score,Sortant,Perso.,Né(e)_le,Profession,Tour
ZA,1ère circonscription,M. SERVA Olivier,REM,"61,74 %",,,21/06/1974,34 - Expert comptable,2
ZA,2ème circonscription,Mme BENIN Justine,DVG,"64,26 %",,,12/03/1975,48 - Fonctionnaire de catégorie B,2
ZA,3ème circonscription,M. MATHIASIN Max,DVG,"65,15 %",,,24/02/1956,52 - Employé (autres entrep. publiques),2
ZA,4ème circonscription,Mme VAINQUEUR-CHRISTOPHE Hélène,SOC,"61,61 %",,,06/05/1956,28 - Pharmacien,2
ZB,1ère circonscription,Mme MANIN Josette,DVG,"54,89 %",,,16/03/1950,61 - Retraité salarié privé,2
ZB,2ème circonscription,M. AZEROT Bruno Nestor,DVG,"55,78 %",O,DEP,22/07/1961,09 - Commercant,2
ZB,3ème circonscription,M. LETCHIMY Serge,DVG,"73,94 %",O,DEP,13/01/1953,63 - Retraité fonct.publique (sf enseig.),2
ZB,4ème circonscription,M. NILOR Jean-Philippe,REG,"68,02 %",O,DEP,15/05/1965,57 - Sans profession déclarée,2
ZC,1ère circonscription,M. SERVILLE Gabriel,DVG,"51,33 %",O,DEP,27/09/1959,44 - Profession rattachée à l'enseignt.,2
ZC,2ème circonscription,M. ADAM Lénaïck,REM,"50,21 %",,,19/02/1992,50 - Cadre sup. (entreprises publiques),2
ZD,1ère circonscription,Mme BAREIGTS Ericka,SOC,"65,86 %",O,DEP,16/04/1967,47 - Fonctionnaire de catégorie A,2
ZD,2ème circonscription,Mme BELLO Huguette,DVG,"73,59 %",O,DEP,24/08/1950,62 - Retraité de l'enseignement,2
ZD,3ème circonscription,Mme BASSIRE Nathalie,LR,"56,44 %",,,22/01/1968,62 - Retraité de l'enseignement,2
ZD,4ème circonscription,M. LORION David,LR,"54,39 %",,,15/10/1964,41 - Professeur de faculté,2
ZD,5ème circonscription,M. RATENON Jean Hugues,DVG,"52,88 %",,,25/06/1967,20 - Employé (secteur privé),2
ZD,6ème circonscription,Mme RAMASSAMY Nadia,LR,"52,61 %",,,17/05/1961,24 - Médecin,2
ZD,7ème circonscription,M. ROBERT Thierry,MDM,"60,78 %",O,DEP,01/04/1977,05 - Industriel-Chef entreprise,2
ZM,1ère circonscription,Mme ALI Ramlati,SOC,"50,17 %",,,28/05/1961,24 - Médecin,2
ZM,2ème circonscription,M. KAMARDINE Mansour,LR,"64,61 %",,,23/03/1959,29 - Avocat,2
ZN,1ère circonscription,M. DUNOYER Philippe,DVD,"59,15 %",,,11/01/1968,47 - Fonctionnaire de catégorie A,2
ZN,2ème circonscription,M. GOMES Philippe,UDI,"54,95 %",O,DEP,27/10/1958,54 - Permanent politique,2
ZP,1ère circonscription,Mme SAGE Maina,UDI,"68,36 %",O,DEP,10/05/1975,56 - Autre profession,2
ZP,2ème circonscription,Mme SANQUER Nicole,DVD,"64,18 %",,,16/06/1972,42 - Professeur du secondaire et techn.,2
ZP,3ème circonscription,"M. BROTHERSON Moetai, Charles",REG,"52,50 %",,,22/10/1969,56 - Autre profession,2
ZS,Saint-Pierre-et-Miquelon,Mme GIRARDIN Annick,RDG,"51,87 %",,MIN,03/08/1964,47 - Fonctionnaire de catégorie A,2
ZW,1ère circonscription,M. POLUTELE Napole,DVG,"50,24 %",O,DEP,25/06/1964,42 - Professeur du secondaire et techn.,1
ZX,1ère circonscription,Mme JAVOIS Claire,LR,"54,73 %",,,06/09/1957,18 - Cadre supérieur (secteur privé),2
ZZ,1ère circonscription,M. LESCURE Roland,REM,"79,73 %",,,26/11/1966,18 - Cadre supérieur (secteur privé),2
ZZ,2ème circonscription,Mme FORTEZA Paula,REM,"60,92 %",,,08/08/1986,18 - Cadre supérieur (secteur privé),2
ZZ,3ème circonscription,M. HOLROYD Alexandre,REM,"70,11 %",,,17/05/1987,57 - Sans profession déclarée,2
ZZ,4ème circonscription,M. ANGLADE Pieyre-Alexandre,REM,"73,73 %",,,02/11/1986,56 - Autre profession,2
ZZ,5ème circonscription,Mme CAZEBONNE Samantha,REM,"66,21 %",,,10/08/1971,44 - Profession rattachée à l'enseignt.,2
ZZ,6ème circonscription,M. SON-FORGET Joachim,REM,"74,94 %",,,15/04/1983,24 - Médecin,2
ZZ,7ème circonscription,M. PETIT Frédéric,MDM,"62,94 %",,,10/02/1961,13 - Ingénieur,2
ZZ,8ème circonscription,M. HABIB Meyer,UDI,"57,86 %",O,DEP,28/04/1961,05 - Industriel-Chef entreprise,2
ZZ,9ème circonscription,M. EL GUERRAB M'Jid,DIV,"59,66 %",,,25/04/1983,19 - Autre cadre (secteur privé),2
ZZ,10ème circonscription,Mme LAKRAFI Amal Amélia,REM,"71,25 %",,,20/03/1978,05 - Industriel-Chef entreprise,2
ZZ,11ème circonscription,Mme GENETET Anne,REM,"71,72 %",,,20/04/1963,24 - Médecin,2
1,1ère circonscription,M. BRETON Xavier,LR,"53,75 %",O,DEP,25/11/1962,56 - Autre profession,2
1,2ème circonscription,M. DE LA VERPILLIÈRE Charles,LR,"51,72 %",O,DEP,31/05/1954,46 - Grands corps de l'état,2
1,3ème circonscription,Mme GIVERNET Olga,REM,"61,86 %",,,17/10/1981,13 - Ingénieur,2
1,4ème circonscription,M. TROMPILLE Stéphane,REM,"64,50 %",,,01/12/1982,20 - Employé (secteur privé),2
1,5ème circonscription,M. ABAD Damien,LR,"67,02 %",O,"DEP,PCD",05/04/1980,57 - Sans profession déclarée,2
2,1ère circonscription,Mme BONO-VANDORME Aude,REM,"56,22 %",,,03/08/1962,44 - Profession rattachée à l'enseignt.,2
2,2ème circonscription,M. DIVE Julien,LR,"64,97 %",O,DEP,21/05/1985,19 - Autre cadre (secteur privé),2
2,3ème circonscription,M. BRICOUT Jean-Louis,SOC,"60,45 %",O,DEP,27/12/1957,51 - Cadre (entreprises publiques),2
2,4ème circonscription,M. DELATTE Marc,REM,"56,27 %",,,24/05/1961,24 - Médecin,2
2,5ème circonscription,M. KRABAL Jacques,REM,"57,82 %",O,DEP,10/04/1948,62 - Retraité de l'enseignement,2
3,1ère circonscription,M. DUFRÈGNE Jean-Paul,COM,"51,85 %",,,28/03/1958,14 - Agent technique et technicien,2
3,2ème circonscription,Mme VANCEUNEBROCK-MIALON Laurence,REM,"52,05 %",,,06/05/1970,48 - Fonctionnaire de catégorie B,2
3,3ème circonscription,Mme PEYROL Bénédicte,REM,"58,43 %",,,23/03/1991,32 - Conseiller juridique,2
4,1ère circonscription,Mme BAGARRY Delphine,REM,"63,60 %",,,09/01/1970,24 - Médecin,2
4,2ème circonscription,M. CASTANER Christophe,REM,"61,57 %",O,"DEP,MIN",03/01/1966,56 - Autre profession,2
5,1ère circonscription,Mme BOYER Pascale,REM,"57,92 %",,,28/09/1965,56 - Autre profession,2
5,2ème circonscription,M. GIRAUD Joël,REM,"68,16 %",O,DEP,14/10/1959,46 - Grands corps de l'état,2
6,1ère circonscription,M. CIOTTI Eric,LR,"56,21 %",O,"DEP,PCD",28/09/1965,56 - Autre profession,2
6,2ème circonscription,M. DOMBREVAL Loîc,REM,"59,08 %",,,16/04/1966,05 - Industriel-Chef entreprise,2
6,3ème circonscription,M. ROUSSEL Cédric,REM,"60,84 %",,,10/10/1972,39 - Autre profession libérale,2
6,4ème circonscription,Mme VALETTA ARDISSON Alexandra,REM,"52,74 %",,,07/06/1976,49 - Fonctionnaire de catégorie C,2
6,5ème circonscription,Mme BRENIER Marine,LR,"61,21 %",O,DEP,11/08/1986,32 - Conseiller juridique,2
6,6ème circonscription,Mme TRASTOUR-ISNART Laurence,LR,"57,35 %",,,06/03/1972,48 - Fonctionnaire de catégorie B,2
6,7ème circonscription,M. PAUGET Eric,LR,"59,45 %",,,18/08/1970,19 - Autre cadre (secteur privé),2
6,8ème circonscription,M. BROCHAND Bernard,LR,"57,13 %",O,DEP,05/06/1938,59 - Retr.artis.commerc.chef d entrep.,2
6,9ème circonscription,Mme TABAROT Michèle,LR,"53,98 %",O,DEP,13/10/1962,06 - Administrateur de sociétés,2
7,1ère circonscription,M. SAULIGNAC Hervé,SOC,"58,02 %",,PCD,06/11/1970,51 - Cadre (entreprises publiques),2
7,2ème circonscription,M. DUSSOPT Olivier,SOC,"56,30 %",O,DEP,16/08/1978,56 - Autre profession,2
7,3ème circonscription,M. BRUN Fabrice,LR,"54,77 %",,,02/04/1968,05 - Industriel-Chef entreprise,2
8,1ère circonscription,Mme POLETTI Bérengère,LR,"69,68 %",O,DEP,14/10/1959,47 - Fonctionnaire de catégorie A,2
8,2ème circonscription,M. CORDIER Pierre,LR,"61,05 %",,,27/05/1972,47 - Fonctionnaire de catégorie A,2
8,3ème circonscription,M. WARSMANN Jean-Luc,LR,"74,72 %",O,DEP,22/10/1965,54 - Permanent politique,2
9,1ère circonscription,Mme TAURINE Bénédicte,FI,"50,28 %",,,18/06/1976,42 - Professeur du secondaire et techn.,2
9,2ème circonscription,M. LARIVE Michel,FI,"50,55 %",,,22/08/1966,44 - Profession rattachée à l'enseignt.,2
10,1ère circonscription,M. BESSON-MOREAU Grégory,REM,"36,46 %",,,07/07/1982,35 - Ingénieur conseil,2
10,2ème circonscription,Mme BAZIN-MALGRAS Valérie,LR,"55,30 %",,,31/10/1969,09 - Commercant,2
10,3ème circonscription,M. MENUEL Gérard,LR,"52,72 %",O,DEP,07/05/1952,58 - Retraité agricole,2
11,1ère circonscription,Mme HÉRIN Danièle,REM,"58,71 %",,,14/01/1947,62 - Retraité de l'enseignement,2
11,2ème circonscription,M. PEREA Alain,REM,"58,46 %",,,05/06/1971,47 - Fonctionnaire de catégorie A,2
11,3ème circonscription,Mme ROBERT Mireille,REM,"53,10 %",,,01/03/1962,43 - Enseignant 1er deg.-directeur école,2
12,1ère circonscription,M. MAZARS Stéphane,REM,"66,37 %",,,25/03/1969,29 - Avocat,2
12,2ème circonscription,Mme BLANC Anne,REM,"100,00 %",,,20/07/1966,39 - Autre profession libérale,2
12,3ème circonscription,M. VIALA Arnaud,LR,"59,16 %",O,DEP,04/12/1974,44 - Profession rattachée à l'enseignt.,2
13,1ère circonscription,Mme BOYER Valérie,LR,"55,10 %",O,"DEP,MAI",11/06/1962,18 - Cadre supérieur (secteur privé),2
13,2ème circonscription,Mme PITOLLAT Claire,REM,"54,77 %",,,17/09/1979,13 - Ingénieur,2
13,3ème circonscription,Mme LOUIS Alexandra,REM,"52,42 %",,,17/09/1983,29 - Avocat,2
13,4ème circonscription,M. MÉLENCHON Jean-Luc,FI,"59,85 %",,RPE,19/08/1951,57 - Sans profession déclarée,2
13,5ème circonscription,Mme RACON-BOUZON Cathy,REM,"52,21 %",,,22/11/1976,18 - Cadre supérieur (secteur privé),2
13,6ème circonscription,M. TEISSIER Guy,LR,"53,53 %",O,DEP,04/04/1945,56 - Autre profession,2
13,7ème circonscription,M. AHAMADA Saïd,REM,"58,39 %",,,07/11/1972,47 - Fonctionnaire de catégorie A,2
13,8ème circonscription,M. ZULESI Jean-Marc,REM,"58,68 %",,,06/06/1988,19 - Autre cadre (secteur privé),2
13,9ème circonscription,M. DEFLESSELLES Bernard,LR,"50,77 %",O,DEP,16/10/1953,13 - Ingénieur,2
13,10ème circonscription,M. LAMBERT François-Michel,REM,"58,27 %",O,DEP,24/08/1966,13 - Ingénieur,2
13,11ème circonscription,M. LAQHILA Mohamed,MDM,"50,95 %",,,03/08/1959,34 - Expert comptable,2
13,12ème circonscription,M. DIARD Eric,LR,"62,13 %",,,21/07/1965,29 - Avocat,2
13,13ème circonscription,M. DHARRÉVILLE Pierre,COM,"62,41 %",,,15/06/1975,20 - Employé (secteur privé),2
13,14ème circonscription,Mme PETEL Anne-Laurence,REM,"60,23 %",,,08/02/1970,19 - Autre cadre (secteur privé),2
13,15ème circonscription,M. REYNÈS Bernard,LR,"56,49 %",O,DEP,18/10/1953,54 - Permanent politique,2
13,16ème circonscription,Mme MICHEL Monica,REM,"51,17 %",,,16/04/1955,16 - Représentant de commerce,2
14,1ère circonscription,M. LE VIGOUREUX Fabrice,REM,"64,93 %",,,27/08/1969,41 - Professeur de faculté,2
14,2ème circonscription,Mme DUMONT Laurence,SOC,"53,32 %",O,DEP,02/06/1958,54 - Permanent politique,2
14,3ème circonscription,M. LECLERC Sébastien,LR,"51,32 %",,,28/03/1970,39 - Autre profession libérale,2
14,4ème circonscription,M. BLANCHET Christophe,REM,"55,82 %",,,09/04/1973,09 - Commercant,2
14,5ème circonscription,M. BOUYX Bertrand,REM,"55,33 %",,,26/05/1970,28 - Pharmacien,2
14,6ème circonscription,M. TOURRET Alain,REM,"68,34 %",O,DEP,25/12/1947,29 - Avocat,2
15,1ère circonscription,M. DESCOEUR Vincent,LR,"51,11 %",,PCD,13/12/1962,42 - Professeur du secondaire et techn.,2
15,2ème circonscription,M. BONY Jean-Yves,LR,"55,76 %",,,11/03/1955,01 - Agriculteur-propriétaire exploit.,2
16,1ère circonscription,M. MESNIER Thomas,REM,"59,95 %",,,04/03/1986,24 - Médecin,2
16,2ème circonscription,Mme MARSAUD Sandra,REM,"58,73 %",,,02/01/1974,51 - Cadre (entreprises publiques),2
16,3ème circonscription,M. LAMBERT Jérôme,SOC,"59,90 %",O,DEP,07/06/1957,18 - Cadre supérieur (secteur privé),2
17,1ère circonscription,M. FALORNI Olivier,DVG,"69,02 %",O,DEP,27/03/1972,42 - Professeur du secondaire et techn.,2
17,2ème circonscription,Mme TUFFNELL Fréderique,REM,"57,27 %",,,29/06/1956,51 - Cadre (entreprises publiques),2
17,3ème circonscription,M. ARDOUIN Jean-Philippe,REM,"57,52 %",,,05/03/1964,01 - Agriculteur-propriétaire exploit.,2
17,4ème circonscription,M. GÉRARD Raphaël,REM,"51,29 %",,,11/01/1968,18 - Cadre supérieur (secteur privé),2
17,5ème circonscription,M. QUENTIN Didier,LR,"54,89 %",O,DEP,23/12/1946,63 - Retraité fonct.publique (sf enseig.),2
18,1ère circonscription,M. CORMIER-BOULIGEON François,REM,"56,21 %",,,19/11/1972,56 - Autre profession,2
18,2ème circonscription,Mme ESSAYAN Nadia,MDM,"52,57 %",,,06/06/1957,19 - Autre cadre (secteur privé),2
18,3ème circonscription,M. KERVRAN Loïc,REM,"50,92 %",,,11/02/1984,19 - Autre cadre (secteur privé),2
19,1ère circonscription,M. JERRETIE Christophe,REM,"53,43 %",,,31/08/1979,39 - Autre profession libérale,2
19,2ème circonscription,Mme MEUNIER Frédérique,LR,"50,03 %",,,08/12/1960,29 - Avocat,2
2A,1ère circonscription,M. FERRARA Jean-Jacques,LR,"64,99 %",,,16/06/1967,24 - Médecin,2
2A,2ème circonscription,M. COLOMBANI Paul-André,REG,"55,22 %",,,17/08/1967,24 - Médecin,2
2B,1ère circonscription,M. CASTELLANI Michel,REG,"60,81 %",,,28/09/1945,62 - Retraité de l'enseignement,2
2B,2ème circonscription,M. ACQUAVIVA Jean-Félix,REG,"63,16 %",,,19/03/1973,57 - Sans profession déclarée,2
21,1ère circonscription,M. MARTIN Didier,REM,"54,14 %",,,20/08/1956,50 - Cadre sup. (entreprises publiques),2
21,2ème circonscription,M. DELATTE Rémi,LR,"52,44 %",O,DEP,09/06/1956,01 - Agriculteur-propriétaire exploit.,2
21,3ème circonscription,Mme KHATTABI Fadila,REM,"65,31 %",,,23/02/1962,42 - Professeur du secondaire et techn.,2
21,4ème circonscription,Mme DE COURSON Yolaine,REM,"51,29 %",,,14/07/1954,59 - Retr.artis.commerc.chef d entrep.,2
21,5ème circonscription,M. PARIS Didier,REM,"53,78 %",,,14/02/1954,18 - Cadre supérieur (secteur privé),2
22,1ère circonscription,M. JONCOUR Bruno,MDM,"60,04 %",,,25/11/1953,48 - Fonctionnaire de catégorie B,2
22,2ème circonscription,M. BERVILLE Hervé,REM,"64,17 %",,,15/01/1990,19 - Autre cadre (secteur privé),2
22,3ème circonscription,M. LE FUR Marc,LR,"54,32 %",O,DEP,28/11/1956,46 - Grands corps de l'état,2
22,4ème circonscription,M. KERLOGOT Yannick,REM,"50,49 %",,,12/05/1970,43 - Enseignant 1er deg.-directeur école,2
22,5ème circonscription,M. BOTHOREL Eric,REM,"66,41 %",O,DEP,20/10/1966,18 - Cadre supérieur (secteur privé),2
23,1ère circonscription,M. MOREAU Jean-Baptiste,REM,"58,23 %",,,14/02/1977,01 - Agriculteur-propriétaire exploit.,2
24,1ère circonscription,M. CHASSAING Philippe,REM,"52,53 %",,,18/05/1972,42 - Professeur du secondaire et techn.,2
24,2ème circonscription,M. DELPON Michel,REM,"66,32 %",,,13/08/1949,61 - Retraité salarié privé,2
24,3ème circonscription,M. CUBERTAFON Jean-Pierre,MDM,"51,00 %",,,05/02/1948,60 - Retraité des professions libérales,2
24,4ème circonscription,Mme DUBOIS Jacqueline,REM,"56,20 %",,,28/05/1957,62 - Retraité de l'enseignement,2
25,1ère circonscription,Mme CHARVIER Fannette,REM,"53,49 %",,,31/12/1984,52 - Employé (autres entrep. publiques),2
25,2ème circonscription,M. ALAUZET Eric,ECO,"62,19 %",O,DEP,07/06/1958,24 - Médecin,2
25,3ème circonscription,M. SOMMER Denis,REM,"50,81 %",,,23/09/1957,42 - Professeur du secondaire et techn.,2
25,4ème circonscription,M. BARBIER Frédéric,REM,"61,64 %",O,DEP,30/08/1960,51 - Cadre (entreprises publiques),2
25,5ème circonscription,Mme GENEVARD Annie,LR,"59,78 %",O,DEP,07/09/1956,42 - Professeur du secondaire et techn.,2
26,1ère circonscription,Mme CLAPOT Mireille,REM,"56,89 %",,,14/10/1963,50 - Cadre sup. (entreprises publiques),2
26,2ème circonscription,Mme THOUROT Alice,REM,"62,80 %",,,12/10/1985,29 - Avocat,2
26,3ème circonscription,Mme DE LAVERGNE Célia,REM,"56,99 %",,,21/11/1979,13 - Ingénieur,2
26,4ème circonscription,Mme ANTHOINE Emmanuelle,LR,"56,45 %",,,02/07/1964,29 - Avocat,2
27,1ère circonscription,M. LE MAIRE Bruno,REM,"64,53 %",O,MIN,15/04/1969,46 - Grands corps de l'état,2
27,2ème circonscription,M. GOUTTEFARDE Fabien,REM,"63,25 %",,,27/09/1978,47 - Fonctionnaire de catégorie A,2
27,3ème circonscription,Mme TAMARELLE-VERHAEGHE Marie,MDM,"59,29 %",,,27/09/1962,24 - Médecin,2
27,4ème circonscription,M. QUESTEL Bruno,REM,"60,51 %",,,21/12/1966,29 - Avocat,2
27,5ème circonscription,Mme O'PETIT Claire,REM,"55,98 %",,,15/10/1949,59 - Retr.artis.commerc.chef d entrep.,2
28,1ère circonscription,M. KASBARIAN Guillaume,REM,"55,18 %",,,28/02/1987,18 - Cadre supérieur (secteur privé),2
28,2ème circonscription,M. MARLEIX Olivier,LR,"59,38 %",O,DEP,06/02/1971,47 - Fonctionnaire de catégorie A,2
28,3ème circonscription,Mme DE LA RAUDIERE Laure,LR,"56,10 %",O,DEP,12/02/1965,05 - Industriel-Chef entreprise,2
28,4ème circonscription,M. VIGIER Philippe,UDI,"70,38 %",O,DEP,03/02/1958,24 - Médecin,2
29,1ère circonscription,Mme LE MEUR Annaïg,REM,"54,45 %",,,29/04/1973,39 - Autre profession libérale,2
29,2ème circonscription,M. LARSONNEUR Jean-Charles,REM,"59,58 %",,,24/01/1984,47 - Fonctionnaire de catégorie A,2
29,3ème circonscription,M. LE GAC Didier,REM,"60,69 %",,,19/07/1965,44 - Profession rattachée à l'enseignt.,2
29,4ème circonscription,Mme LE FEUR Sandrine,REM,"52,14 %",,,18/03/1991,01 - Agriculteur-propriétaire exploit.,2
29,5ème circonscription,Mme MELCHIOR Graziella,REM,"53,89 %",,,06/04/1960,41 - Professeur de faculté,2
29,6ème circonscription,M. FERRAND Richard,REM,"56,53 %",O,"DEP,MIN",01/07/1962,18 - Cadre supérieur (secteur privé),2
29,7ème circonscription,Mme TANGUY Liliane,REM,"62,95 %",,,12/03/1967,47 - Fonctionnaire de catégorie A,2
29,8ème circonscription,M. BALANANT Erwan,REM,"51,45 %",,,21/02/1971,38 - Homme de lettres et Artiste,2
30,1ère circonscription,Mme DUMAS Françoise,REM,"54,55 %",O,DEP,12/04/1960,47 - Fonctionnaire de catégorie A,2
30,2ème circonscription,M. COLLARD Gilbert,FN,"50,16 %",O,DEP,03/02/1948,29 - Avocat,2
30,3ème circonscription,M. CELLIER Anthony,REM,"59,02 %",,,01/06/1975,19 - Autre cadre (secteur privé),2
30,4ème circonscription,Mme CHAPELIER Annie,REM,"58,21 %",,,07/11/1967,43 - Enseignant 1er deg.-directeur école,2
30,5ème circonscription,M. GAILLARD Olivier,REM,"63,57 %",,PCC,28/02/1967,47 - Fonctionnaire de catégorie A,2
30,6ème circonscription,M. BERTA Philippe,REM,"60,35 %",,,11/04/1960,41 - Professeur de faculté,2
31,1ère circonscription,M. CABARE Pierre,REM,"51,02 %",,,12/12/1957,10 - Artisan,2
31,2ème circonscription,M. LAGLEIZE Jean-Luc,MDM,"55,49 %",,,09/09/1958,32 - Conseiller juridique,2
31,3ème circonscription,Mme VIGNON Corinne,REM,"52,97 %",,,10/06/1963,18 - Cadre supérieur (secteur privé),2
31,4ème circonscription,M. NOGAL Mickaël,REM,"51,91 %",,,26/11/1990,39 - Autre profession libérale,2
31,5ème circonscription,M. PORTARRIEU Jean-François,REM,"67,60 %",,,14/10/1965,47 - Fonctionnaire de catégorie A,2
31,6ème circonscription,Mme IBORRA Monique,REM,"55,87 %",O,DEP,08/03/1945,63 - Retraité fonct.publique (sf enseig.),2
31,7ème circonscription,Mme TOUTUT-PICARD Elisabeth,REM,"67,84 %",,,17/12/1954,47 - Fonctionnaire de catégorie A,2
31,8ème circonscription,M. AVIRAGNET Joël,SOC,"50,13 %",,,16/06/1956,19 - Autre cadre (secteur privé),2
31,9ème circonscription,Mme MÖRCH Sandrine,REM,"52,33 %",,,13/11/1961,37 - Journaliste et autre média,2
31,10ème circonscription,M. NADOT Sébastien,REM,"60,70 %",,,08/07/1972,42 - Professeur du secondaire et techn.,2
32,1ère circonscription,M. CAZENEUVE Jean-René,REM,"59,25 %",,,09/06/1958,13 - Ingénieur,2
32,2ème circonscription,Mme BIÉMOURET Gisèle,SOC,"51,57 %",O,,16/06/1952,54 - Permanent politique,2
33,1ère circonscription,Mme DAVID Dominique,REM,"59,59 %",,,27/02/1963,18 - Cadre supérieur (secteur privé),2
33,2ème circonscription,Mme FABRE Catherine,REM,"63,79 %",,,19/09/1978,48 - Fonctionnaire de catégorie B,2
33,3ème circonscription,M. PRUD'HOMME Loïc,FI,"50,20 %",,,19/08/1969,48 - Fonctionnaire de catégorie B,2
33,4ème circonscription,M. DAVID Alain,SOC,"50,91 %",,,02/06/1949,64 - Retraité des entreprises publiques,2
33,5ème circonscription,M. SIMIAN Benoit,REM,"50,46 %",,,27/05/1983,51 - Cadre (entreprises publiques),2
33,6ème circonscription,M. POULLIAT Eric,REM,"58,81 %",,,09/07/1974,48 - Fonctionnaire de catégorie B,2
33,7ème circonscription,Mme COUILLARD Bérangère,REM,"55,70 %",,,24/07/1986,19 - Autre cadre (secteur privé),2
33,8ème circonscription,Mme PANONACLE Sophie,REM,"59,75 %",,,16/12/1968,57 - Sans profession déclarée,2
33,9ème circonscription,Mme METTE Sophie,MDM,"53,54 %",,,13/09/1959,57 - Sans profession déclarée,2
33,10ème circonscription,M. BOUDIÉ Florent,REM,"67,90 %",O,DEP,22/09/1973,56 - Autre profession,2
33,11ème circonscription,Mme HAMMERER Véronique,REM,"57,02 %",,,04/11/1968,47 - Fonctionnaire de catégorie A,2
33,12ème circonscription,Mme DUBOS Christelle,REM,"56,71 %",,,26/03/1976,47 - Fonctionnaire de catégorie A,2
34,1ère circonscription,Mme MIRALLÈS Patricia,REM,"65,69 %",,,22/08/1967,49 - Fonctionnaire de catégorie C,2
34,2ème circonscription,Mme RESSIGUIER Muriel,FI,"52,29 %",,,21/12/1977,52 - Employé (autres entrep. publiques),2
34,3ème circonscription,Mme DUBOST Coralie,REM,"60,45 %",,,04/03/1983,32 - Conseiller juridique,2
34,4ème circonscription,M. ELIAOU Jean-François,REM,"65,75 %",,,13/08/1956,24 - Médecin,2
34,5ème circonscription,M. HUPPÉ Philippe,REM,"58,36 %",,,12/02/1968,38 - Homme de lettres et Artiste,2
34,6ème circonscription,Mme MÉNARD Emmanuelle,FN,"53,49 %",,,15/08/1968,37 - Journaliste et autre média,2
34,7ème circonscription,M. EUZET Christophe,REM,"52,83 %",,,02/04/1967,41 - Professeur de faculté,2
34,8ème circonscription,M. DÉMOULIN Nicolas,REM,"62,85 %",,,22/07/1979,33 - Agent général d'assurances,2
34,9ème circonscription,M. VIGNAL Patrick,REM,"64,54 %",O,DEP,22/01/1958,06 - Administrateur de sociétés,2
35,1ère circonscription,M. LAABID Mostapha,REM,"58,87 %",,,29/03/1969,56 - Autre profession,2
35,2ème circonscription,Mme MAILLART-MÉHAIGNERIE Laurence,MDM,"74,44 %",,,05/04/1967,05 - Industriel-Chef entreprise,2
35,3ème circonscription,M. ANDRÉ François,SOC,"65,86 %",O,DEP,19/07/1967,47 - Fonctionnaire de catégorie A,2
35,4ème circonscription,M. LE BOHEC Gaël,REM,"61,75 %",,,04/11/1977,05 - Industriel-Chef entreprise,2
35,5ème circonscription,Mme CLOAREC Christine,REM,"53,30 %",,,28/10/1964,20 - Employé (secteur privé),2
35,6ème circonscription,M. BENOIT Thierry,UDI,"58,00 %",O,DEP,13/09/1966,16 - Représentant de commerce,2
35,7ème circonscription,M. LURTON Gilles,LR,"56,21 %",O,DEP,06/07/1963,56 - Autre profession,2
35,8ème circonscription,M. BACHELIER Florian,REM,"60,96 %",,,05/04/1979,29 - Avocat,2
36,1ère circonscription,M. JOLIVET François,REM,"70,42 %",,,21/03/1966,18 - Cadre supérieur (secteur privé),2
36,2ème circonscription,M. FORISSIER Nicolas,LR,"51,69 %",,,17/02/1961,05 - Industriel-Chef entreprise,2
37,1ère circonscription,M. CHALUMEAU Philippe,REM,"53,93 %",,,08/11/1963,24 - Médecin,2
37,2ème circonscription,M. LABARONNE Daniel,REM,"56,86 %",,,16/07/1955,41 - Professeur de faculté,2
37,3ème circonscription,Mme AUCONIE Sophie,UDI,"56,59 %",,,19/08/1963,05 - Industriel-Chef entreprise,2
37,4ème circonscription,Mme COLBOC Fabienne,REM,"58,26 %",,,09/08/1971,05 - Industriel-Chef entreprise,2
37,5ème circonscription,Mme THILLAYE Sabine,REM,"58,29 %",,,18/05/1959,05 - Industriel-Chef entreprise,2
38,1ère circonscription,M. VERAN Olivier,REM,"68,09 %",,,22/04/1980,24 - Médecin,2
38,2ème circonscription,M. COLAS-ROY Jean-Charles,REM,"73,55 %",,,02/05/1978,13 - Ingénieur,2
38,3ème circonscription,Mme CHALAS Emilie,REM,"54,01 %",,,18/10/1977,47 - Fonctionnaire de catégorie A,2
38,4ème circonscription,Mme BATTISTEL Marie-Noëlle,SOC,"54,01 %",O,DEP,20/08/1956,19 - Autre cadre (secteur privé),2
38,5ème circonscription,Mme KAMOWSKI Catherine,REM,"66,71 %",,,08/04/1958,42 - Professeur du secondaire et techn.,2
38,6ème circonscription,Mme MOTIN Cendra,REM,"55,05 %",,,29/01/1975,39 - Autre profession libérale,2
38,7ème circonscription,Mme LIMON Monique,REM,"51,84 %",,,05/12/1953,61 - Retraité salarié privé,2
38,8ème circonscription,Mme ABADIE Caroline,REM,"63,92 %",,,07/09/1976,05 - Industriel-Chef entreprise,2
38,9ème circonscription,Mme JACQUIER-LAFORGE Elodie,MDM,"60,25 %",,,15/04/1978,18 - Cadre supérieur (secteur privé),2
38,10ème circonscription,Mme MEYNIER-MILLEFERT Marjolaine,REM,"64,62 %",,,30/09/1982,05 - Industriel-Chef entreprise,2
39,1ère circonscription,Mme BRULEBOIS Danielle,REM,"57,88 %",,,04/07/1947,62 - Retraité de l'enseignement,2
39,2ème circonscription,Mme DALLOZ Marie-Christine,LR,"57,17 %",O,DEP,10/01/1958,56 - Autre profession,2
39,3ème circonscription,M. SERMIER Jean-Marie,LR,"58,27 %",O,DEP,05/03/1961,01 - Agriculteur-propriétaire exploit.,2
40,1ère circonscription,Mme DARRIEUSSECQ Geneviève,MDM,"63,65 %",,,04/03/1956,24 - Médecin,2
40,2ème circonscription,M. CAUSSE Lionel,REM,"62,95 %",,,06/05/1971,19 - Autre cadre (secteur privé),2
40,3ème circonscription,M. VALLAUD Boris,SOC,"50,75 %",,,25/07/1975,47 - Fonctionnaire de catégorie A,2
41,1ère circonscription,M. FESNEAU Marc,MDM,"69,15 %",,,11/01/1971,11 - Entrepreneur en batiments,2
41,2ème circonscription,M. PELTIER Guillaume,LR,"53,93 %",,,27/08/1976,19 - Autre cadre (secteur privé),2
41,3ème circonscription,M. LEROY Maurice,UDI,"60,96 %",O,"DEP,PCD",02/02/1959,39 - Autre profession libérale,2
42,1ère circonscription,M. JUANICO Régis,SOC,"50,05 %",O,DEP,05/02/1972,47 - Fonctionnaire de catégorie A,2
42,2ème circonscription,M. MIS Jean-Michel,REM,"57,47 %",,,28/07/1967,19 - Autre cadre (secteur privé),2
42,3ème circonscription,Mme FAURE-MUNTIAN Valéria,REM,"52,62 %",,,02/09/1984,17 - Agent d'assurances,2
42,4ème circonscription,M. CINIERI Dino,LR,"50,13 %",O,DEP,09/07/1955,59 - Retr.artis.commerc.chef d entrep.,2
42,5ème circonscription,Mme SARLES Nathalie,MDM,"53,13 %",,,17/04/1962,23 - Salarié du secteur médical,2
42,6ème circonscription,M. BOROWCZYK Julien,REM,"56,87 %",,,02/05/1979,24 - Médecin,2
43,1ère circonscription,Mme VALENTIN Isabelle,LR,"58,72 %",,,20/01/1962,02 - Salarié agricole,2
43,2ème circonscription,M. VIGIER Jean-Pierre,LR,"63,89 %",O,DEP,22/10/1969,47 - Fonctionnaire de catégorie A,2
44,1ère circonscription,M. DE RUGY François,REM,"66,14 %",O,DEP,06/12/1973,54 - Permanent politique,2
44,2ème circonscription,Mme OPPELT Valérie,REM,"59,99 %",,,10/12/1973,06 - Administrateur de sociétés,2
44,3ème circonscription,Mme BRUNET Anne-France,REM,"56,26 %",,,12/06/1962,31 - Huissier,2
44,4ème circonscription,Mme AMADOU Aude,REM,"56,93 %",,,29/02/1980,20 - Employé (secteur privé),2
44,5ème circonscription,Mme EL HAÏRY Sarah,MDM,"61,02 %",,,16/03/1989,19 - Autre cadre (secteur privé),2
44,6ème circonscription,M. DANIEL Yves,REM,"61,79 %",O,DEP,31/07/1954,01 - Agriculteur-propriétaire exploit.,2
44,7ème circonscription,Mme JOSSO Sandrine,REM,"61,11 %",,,19/09/1975,39 - Autre profession libérale,2
44,8ème circonscription,Mme DUFEU SCHUBERT Audrey,REM,"56,70 %",,,03/06/1980,18 - Cadre supérieur (secteur privé),2
44,9ème circonscription,M. HAURY Yannick,MDM,"65,02 %",,,12/06/1954,28 - Pharmacien,2
44,10ème circonscription,Mme ERRANTE Sophie,REM,"63,89 %",O,DEP,22/07/1971,54 - Permanent politique,2
45,1ère circonscription,Mme RIST Stéphanie,REM,"65,02 %",,,06/08/1973,24 - Médecin,2
45,2ème circonscription,Mme JANVIER Caroline,REM,"51,23 %",,,09/03/1982,19 - Autre cadre (secteur privé),2
45,3ème circonscription,M. DE GANAY Claude,LR,"50,10 %",O,DEP,05/09/1953,47 - Fonctionnaire de catégorie A,2
45,4ème circonscription,M. DOOR Jean-Pierre,LR,"50,01 %",O,DEP,01/04/1942,60 - Retraité des professions libérales,2
45,5ème circonscription,Mme DUBOIS Marianne,LR,"50,16 %",O,DEP,17/12/1957,57 - Sans profession déclarée,2
45,6ème circonscription,M. RAMOS Richard,MDM,"52,69 %",,,23/03/1968,19 - Autre cadre (secteur privé),2
46,1ère circonscription,M. PRADIÉ Aurélien,LR,"51,32 %",,,14/03/1986,18 - Cadre supérieur (secteur privé),2
46,2ème circonscription,Mme TIEGNA Huguette,REM,"53,25 %",,,01/04/1982,13 - Ingénieur,2
47,1ère circonscription,M. LAUZZANA Michel,REM,"56,85 %",,,20/03/1957,24 - Médecin,2
47,2ème circonscription,M. FRESCHI Alexandre,REM,"59,72 %",,,17/05/1979,47 - Fonctionnaire de catégorie A,2
47,3ème circonscription,M. DAMAISIN Olivier,REM,"60,43 %",,,05/08/1966,16 - Représentant de commerce,2
48,1ère circonscription,M. MOREL A L'HUISSIER Pierre,LR,"56,61 %",O,DEP,21/12/1958,29 - Avocat,2
49,1ère circonscription,M. ORPHELIN Matthieu,REM,"64,33 %",,,03/12/1972,50 - Cadre sup. (entreprises publiques),2
49,2ème circonscription,Mme DUPONT Stella,REM,"69,09 %",,,03/11/1973,57 - Sans profession déclarée,2
49,3ème circonscription,M. TAUGOURDEAU Jean-Charles,LR,"51,88 %",O,DEP,17/07/1953,05 - Industriel-Chef entreprise,2
49,4ème circonscription,Mme SAINT-PAUL Laëtitia,REM,"58,23 %",,,21/01/1981,47 - Fonctionnaire de catégorie A,2
49,5ème circonscription,M. MASSEGLIA Denis,REM,"68,37 %",,,11/04/1981,13 - Ingénieur,2
49,6ème circonscription,Mme DUBRE-CHIRAT Nicole,REM,"61,77 %",,,18/12/1951,63 - Retraité fonct.publique (sf enseig.),2
49,7ème circonscription,M. BOLO Philippe,MDM,"62,42 %",,,25/03/1967,13 - Ingénieur,2
50,1ère circonscription,M. GOSSELIN Philippe,LR,"52,50 %",O,DEP,23/10/1966,44 - Profession rattachée à l'enseignt.,2
50,2ème circonscription,M. SORRE Bertrand,REM,"61,00 %",,,08/05/1965,43 - Enseignant 1er deg.-directeur école,2
50,3ème circonscription,M. TRAVERT Stéphane,REM,"66,16 %",O,DEP,12/10/1969,18 - Cadre supérieur (secteur privé),2
50,4ème circonscription,Mme KRIMI Sonia,DIV,"60,93 %",,,20/12/1982,18 - Cadre supérieur (secteur privé),2
51,1ère circonscription,Mme BEAUVAIS Valérie,LR,"55,34 %",,,08/03/1963,57 - Sans profession déclarée,2
51,2ème circonscription,Mme KURIC Aina,REM,"51,21 %",,,15/05/1987,05 - Industriel-Chef entreprise,2
51,3ème circonscription,M. GIRARDIN Éric,REM,"59,61 %",,,12/02/1962,05 - Industriel-Chef entreprise,2
51,4ème circonscription,Mme MAGNIER Lise,LR,"66,88 %",,,31/12/1984,47 - Fonctionnaire de catégorie A,2
51,5ème circonscription,M. DE COURSON Charles,UDI,"71,57 %",O,DEP,02/04/1952,63 - Retraité fonct.publique (sf enseig.),2
52,1ère circonscription,Mme ABBA Bérangère,REM,"53,44 %",,,22/10/1976,20 - Employé (secteur privé),2
52,2ème circonscription,M. CORNUT-GENTILLE François,LR,"61,81 %",O,DEP,22/05/1958,57 - Sans profession déclarée,2
53,1ère circonscription,M. GAROT Guillaume,SOC,"61,24 %",O,DEP,29/05/1966,51 - Cadre (entreprises publiques),2
53,2ème circonscription,Mme BANNIER Géraldine,MDM,"54,78 %",,,22/11/1979,42 - Professeur du secondaire et techn.,2
53,3ème circonscription,M. FAVENNEC Yannick,UDI,"61,53 %",O,DEP,12/08/1958,54 - Permanent politique,2
54,1ère circonscription,Mme GRANDJEAN Carole,REM,"55,89 %",,,18/05/1993,18 - Cadre supérieur (secteur privé),2
54,2ème circonscription,M. GARCIA Laurent,MDM,"66,82 %",,,31/05/1970,13 - Ingénieur,2
54,3ème circonscription,M. PALUSZKIEWICZ Xavier,REM,"52,41 %",,,13/12/1972,20 - Employé (secteur privé),2
54,4ème circonscription,M. BAZIN Thibault,LR,"53,27 %",,,27/10/1984,19 - Autre cadre (secteur privé),2
54,5ème circonscription,M. POTIER Dominique,SOC,"63,13 %",O,DEP,17/03/1964,01 - Agriculteur-propriétaire exploit.,2
54,6ème circonscription,Mme FIAT Caroline,FI,"61,36 %",,,28/01/1977,23 - Salarié du secteur médical,2
55,1ère circonscription,M. PANCHER Bertrand,UDI,"58,25 %",O,DEP,05/06/1958,06 - Administrateur de sociétés,2
55,2ème circonscription,Mme CARIOU Emilie,REM,"62,76 %",,,14/10/1971,47 - Fonctionnaire de catégorie A,2
56,1ère circonscription,M. PELLOIS Hervé,REM,"64,41 %",O,DEP,17/04/1951,18 - Cadre supérieur (secteur privé),2
56,2ème circonscription,M. PAHUN Jimmy,DIV,"51,06 %",,,15/05/1962,56 - Autre profession,2
56,3ème circonscription,Mme LE PEIH Nicole,REM,"66,10 %",,,28/09/1959,01 - Agriculteur-propriétaire exploit.,2
56,4ème circonscription,M. MOLAC Paul,REM,"54,00 %",O,DEP,21/05/1962,42 - Professeur du secondaire et techn.,1
56,5ème circonscription,M. ROUILLARD Gwendal,REM,"63,11 %",O,DEP,20/04/1976,54 - Permanent politique,2
56,6ème circonscription,M. JACQUES Jean-Michel,REM,"54,72 %",,,29/02/1968,39 - Autre profession libérale,2
57,1ère circonscription,M. BELHADDAD Belkhir,REM,"59,97 %",,,09/07/1969,05 - Industriel-Chef entreprise,2
57,2ème circonscription,M. MENDES Ludovic,REM,"52,40 %",,,11/04/1987,18 - Cadre supérieur (secteur privé),2
57,3ème circonscription,M. LIOGER Richard,REM,"51,21 %",,,18/09/1957,41 - Professeur de faculté,2
57,4ème circonscription,M. DI FILIPPO Fabien,LR,"53,29 %",,,23/08/1986,19 - Autre cadre (secteur privé),2
57,5ème circonscription,Mme GRIES-TRISSE Nicole,REM,"51,51 %",,,29/06/1963,23 - Salarié du secteur médical,2
57,6ème circonscription,M. AREND Christophe,REM,"56,96 %",,,12/08/1975,26 - Dentiste,2
57,7ème circonscription,Mme ZANNIER Hélène,REM,"56,24 %",,,19/09/1972,47 - Fonctionnaire de catégorie A,2
57,8ème circonscription,M. HAMMOUCHE Brahim,MDM,"58,84 %",,,17/05/1971,24 - Médecin,2
57,9ème circonscription,Mme RAUCH Isabelle,REM,"70,13 %",,,10/08/1968,39 - Autre profession libérale,2
58,1ère circonscription,Mme GOULET Perrine,REM,"66,13 %",,,19/03/1978,19 - Autre cadre (secteur privé),2
58,2ème circonscription,M. PERROT Patrice,REM,"54,62 %",,,24/02/1964,05 - Industriel-Chef entreprise,2
59,1ère circonscription,M. QUATENNENS Adrien,FI,"50,11 %",,,23/05/1990,20 - Employé (secteur privé),2
59,2ème circonscription,M. BERNALICIS Ugo,FI,"64,15 %",,,25/09/1989,47 - Fonctionnaire de catégorie A,2
59,3ème circonscription,M. DI POMPEO Christophe,REM,"51,30 %",,,15/07/1964,41 - Professeur de faculté,2
59,4ème circonscription,Mme LISO Brigitte,REM,"58,75 %",,,29/07/1959,09 - Commercant,2
59,5ème circonscription,M. HUYGHE Sébastien,LR,"55,52 %",O,DEP,25/10/1969,30 - Notaire,2
59,6ème circonscription,Mme LECOCQ Charlotte,REM,"51,82 %",,,17/07/1977,05 - Industriel-Chef entreprise,2
59,7ème circonscription,M. VERCAMER Francis,UDI,"53,52 %",O,DEP,10/05/1958,13 - Ingénieur,2
59,8ème circonscription,Mme OSSON Catherine,REM,"62,95 %",,,07/02/1974,43 - Enseignant 1er deg.-directeur école,2
59,9ème circonscription,Mme PETIT Valérie,REM,"52,06 %",,,23/06/1976,44 - Profession rattachée à l'enseignt.,2
59,10ème circonscription,M. LEDOUX Vincent,LR,"55,93 %",O,DEP,21/06/1966,42 - Professeur du secondaire et techn.,2
59,11ème circonscription,M. PIETRASZEWSKI Laurent,REM,"67,17 %",,,19/11/1966,19 - Autre cadre (secteur privé),2
59,12ème circonscription,Mme CATTELOT Anne Laure,REM,"54,06 %",,,25/10/1988,54 - Permanent politique,2
59,13ème circonscription,M. HUTIN Christian,DVG,"63,32 %",O,DEP,18/01/1961,24 - Médecin,2
59,14ème circonscription,M. CHRISTOPHE Paul,LR,"63,88 %",,,10/02/1971,47 - Fonctionnaire de catégorie A,2
59,15ème circonscription,Mme DE TEMMERMAN Jennifer,REM,"60,69 %",,,16/02/1977,44 - Profession rattachée à l'enseignt.,2
59,16ème circonscription,M. BRUNEEL Alain,COM,"55,86 %",,,07/07/1952,61 - Retraité salarié privé,2
59,17ème circonscription,M. HOUBRON Dimitri,REM,"53,21 %",,,12/02/1991,32 - Conseiller juridique,2
59,18ème circonscription,M. BRICOUT Guy,UDI,"63,67 %",,,18/02/1944,63 - Retraité fonct.publique (sf enseig.),2
59,19ème circonscription,M. CHENU Sébastien,FN,"55,35 %",,,13/04/1973,54 - Permanent politique,2
59,20ème circonscription,M. ROUSSEL Fabien,COM,"63,88 %",,,16/04/1969,54 - Permanent politique,2
59,21ème circonscription,Mme DESCAMPS Béatrice,UDI,"62,72 %",,,24/04/1961,43 - Enseignant 1er deg.-directeur école,2
60,1ère circonscription,M. DASSAULT Olivier,LR,"67,07 %",O,DEP,01/06/1951,05 - Industriel-Chef entreprise,2
60,2ème circonscription,Mme THILL Agnès,REM,"54,70 %",,,02/06/1964,43 - Enseignant 1er deg.-directeur école,2
60,3ème circonscription,M. BOIS Pascal,REM,"57,68 %",,,03/12/1959,19 - Autre cadre (secteur privé),2
60,4ème circonscription,M. WOERTH Eric,LR,"51,98 %",O,DEP,29/01/1956,54 - Permanent politique,2
60,5ème circonscription,M. VATIN Pierre,LR,"55,96 %",,,21/08/1967,54 - Permanent politique,2
60,6ème circonscription,Mme BUREAU-BONNARD Carole,REM,"58,40 %",,,09/08/1965,39 - Autre profession libérale,2
60,7ème circonscription,M. MINOT Maxime,LR,"60,52 %",,,20/07/1987,20 - Employé (secteur privé),2
61,1ère circonscription,M. PUEYO Joaquim,SOC,"52,50 %",O,DEP,30/05/1950,63 - Retraité fonct.publique (sf enseig.),2
61,2ème circonscription,Mme LOUWAGIE Véronique,LR,"54,73 %",O,DEP,20/03/1961,34 - Expert comptable,2
61,3ème circonscription,M. NURY Jérôme,LR,"56,08 %",,,25/08/1972,56 - Autre profession,2
62,1ère circonscription,M. DUVERGÉ Bruno,MDM,"54,01 %",,,03/04/1957,18 - Cadre supérieur (secteur privé),2
62,2ème circonscription,Mme MAQUET Jacqueline,REM,"65,51 %",O,DEP,13/05/1949,54 - Permanent politique,2
62,3ème circonscription,M. EVRARD José,FN,"52,94 %",,,17/07/1945,63 - Retraité fonct.publique (sf enseig.),2
62,4ème circonscription,M. FASQUELLE Daniel,LR,"52,19 %",O,DEP,16/01/1963,54 - Permanent politique,2
62,5ème circonscription,M. PONT Jean-Pierre,REM,"61,03 %",,,09/05/1950,24 - Médecin,2
62,6ème circonscription,Mme BOURGUIGNON Brigitte,REM,"60,84 %",O,DEP,21/03/1959,54 - Permanent politique,2
62,7ème circonscription,M. DUMONT Pierre-Henri,LR,"60,83 %",,,07/10/1987,54 - Permanent politique,2
62,8ème circonscription,M. POTTERIE Benoit,REM,"56,78 %",,,23/07/1967,09 - Commercant,2
62,9ème circonscription,Mme DEPREZ-AUDEBERT Marguerite,MDM,"57,66 %",,,17/05/1952,61 - Retraité salarié privé,2
62,10ème circonscription,M. PAJOT Ludovic,FN,"52,58 %",,,18/11/1993,56 - Autre profession,2
62,11ème circonscription,Mme LE PEN Marine,FN,"58,60 %",,,05/08/1968,29 - Avocat,2
62,12ème circonscription,M. BILDE Bruno,FN,"55,08 %",,,22/09/1976,29 - Avocat,2
63,1ère circonscription,Mme THOMAS Valérie,REM,"57,01 %",,,21/01/1968,39 - Autre profession libérale,2
63,2ème circonscription,Mme PIRÈS BEAUNE Christine,SOC,"63,21 %",O,DEP,06/10/1964,47 - Fonctionnaire de catégorie A,2
63,3ème circonscription,Mme VICHNIEVSKY Laurence,MDM,"56,02 %",,,05/02/1955,45 - Magistrat,2
63,4ème circonscription,M. FANGET Michel,MDM,"55,44 %",,,03/05/1950,24 - Médecin,2
63,5ème circonscription,M. CHASSAIGNE André,COM,"63,55 %",O,DEP,02/07/1950,62 - Retraité de l'enseignement,2
64,1ère circonscription,Mme POUEYTO Josy,MDM,"62,72 %",,,13/01/1954,63 - Retraité fonct.publique (sf enseig.),2
64,2ème circonscription,M. MATTEI Jean-Paul,MDM,"60,93 %",,,21/03/1954,30 - Notaire,2
64,3ème circonscription,M. HABIB David,SOC,"53,96 %",O,DEP,16/03/1961,54 - Permanent politique,2
64,4ème circonscription,M. LASSALLE Jean,DVD,"52,79 %",O,DEP,03/05/1955,54 - Permanent politique,2
64,5ème circonscription,Mme LASSERRE-DAVID Florence,MDM,"57,03 %",,,29/06/1974,20 - Employé (secteur privé),2
64,6ème circonscription,M. BRU Vincent,MDM,"62,51 %",,,29/04/1955,41 - Professeur de faculté,2
65,1ère circonscription,M. SEMPASTOUS Jean-Bernard,REM,"58,86 %",,,05/08/1964,42 - Professeur du secondaire et techn.,2
65,2ème circonscription,Mme DUBIÉ Jeanine,RDG,"51,09 %",O,DEP,03/01/1958,47 - Fonctionnaire de catégorie A,2
66,1ère circonscription,M. GRAU Romain,REM,"57,21 %",,,21/06/1974,05 - Industriel-Chef entreprise,2
66,2ème circonscription,M. ALIOT Louis,FN,"50,56 %",,RPE,04/09/1969,56 - Autre profession,2
66,3ème circonscription,Mme GAYTE Laurence,REM,"59,31 %",,,25/09/1965,18 - Cadre supérieur (secteur privé),2
66,4ème circonscription,M. CAZENOVE Sébastien,REM,"57,97 %",,,28/12/1976,48 - Fonctionnaire de catégorie B,2
67,1ère circonscription,M. MICHELS Thierry,REM,"59,95 %",,,27/08/1960,18 - Cadre supérieur (secteur privé),2
67,2ème circonscription,M. WASERMAN Sylvain,REM,"58,53 %",,,08/12/1967,05 - Industriel-Chef entreprise,2
67,3ème circonscription,M. STUDER Bruno,REM,"59,77 %",,,18/06/1978,42 - Professeur du secondaire et techn.,2
67,4ème circonscription,Mme WONNER Martine,REM,"55,86 %",,,27/03/1964,18 - Cadre supérieur (secteur privé),2
67,5ème circonscription,M. HERTH Antoine,LR,"54,14 %",O,DEP,14/02/1963,01 - Agriculteur-propriétaire exploit.,2
67,6ème circonscription,M. FURST Laurent,LR,"62,60 %",O,DEP,19/05/1965,50 - Cadre sup. (entreprises publiques),2
67,7ème circonscription,M. HETZEL Patrick,LR,"62,61 %",O,DEP,02/07/1964,41 - Professeur de faculté,2
67,8ème circonscription,M. REISS Frédéric,LR,"58,88 %",O,DEP,12/11/1949,62 - Retraité de l'enseignement,2
67,9ème circonscription,M. THIEBAUT Vincent,REM,"51,03 %",,,23/05/1972,19 - Autre cadre (secteur privé),2
68,1ère circonscription,M. STRAUMANN Eric,LR,"66,41 %",O,"DEP,PCD",17/08/1964,42 - Professeur du secondaire et techn.,2
68,2ème circonscription,M. CATTIN Jacques,LR,"51,39 %",,,04/06/1958,01 - Agriculteur-propriétaire exploit.,2
68,3ème circonscription,M. REITZER Jean-Luc,LR,"55,15 %",O,DEP,29/12/1951,18 - Cadre supérieur (secteur privé),2
68,4ème circonscription,M. SCHELLENBERGER Raphaël,LR,"50,88 %",,,14/02/1990,54 - Permanent politique,2
68,5ème circonscription,M. BECHT Olivier,DVD,"57,69 %",,,28/04/1976,45 - Magistrat,2
68,6ème circonscription,M. FUCHS Bruno,REM,"64,16 %",,,07/04/1959,05 - Industriel-Chef entreprise,2
69,1ère circonscription,M. RUDIGOZ Thomas,REM,"64,47 %",,,11/01/1971,57 - Sans profession déclarée,2
69,2ème circonscription,M. JULIEN-LAFERRIERE Hubert,REM,"52,81 %",,,27/02/1966,41 - Professeur de faculté,2
69,3ème circonscription,M. TOURAINE Jean-Louis,REM,"59,85 %",O,DEP,08/10/1945,63 - Retraité fonct.publique (sf enseig.),2
69,4ème circonscription,Mme BRUGNERA Anne,REM,"60,55 %",,,28/11/1970,47 - Fonctionnaire de catégorie A,2
69,5ème circonscription,Mme BROCARD Blandine,REM,"60,26 %",,,03/11/1981,20 - Employé (secteur privé),2
69,6ème circonscription,M. BONNELL Bruno,REM,"60,18 %",,,06/10/1958,05 - Industriel-Chef entreprise,2
69,7ème circonscription,Mme KHEDHER Anissa,REM,"50,61 %",,,01/04/1980,47 - Fonctionnaire de catégorie A,2
69,8ème circonscription,M. VERCHÈRE Patrice,LR,"53,62 %",O,DEP,29/12/1973,54 - Permanent politique,2
69,9ème circonscription,M. PERRUT Bernard,LR,"51,00 %",O,DEP,24/01/1957,57 - Sans profession déclarée,2
69,10ème circonscription,M. GASSILLOUD Thomas,REM,"63,83 %",,,21/05/1981,05 - Industriel-Chef entreprise,2
69,11ème circonscription,M. FUGIT Jean-Luc,REM,"54,71 %",,,27/11/1969,41 - Professeur de faculté,2
69,12ème circonscription,M. ISAAC-SIBILLE Cyrille,MDM,"56,25 %",,,30/04/1958,24 - Médecin,2
69,13ème circonscription,Mme CAZARIAN Danièle,REM,"52,35 %",,,31/08/1965,06 - Administrateur de sociétés,2
69,14ème circonscription,M. BLEIN Yves,REM,"65,60 %",O,DEP,12/10/1954,18 - Cadre supérieur (secteur privé),2
70,1ère circonscription,Mme BESSOT BALLOT Barbara,REM,"59,13 %",,,13/04/1972,51 - Cadre (entreprises publiques),2
70,2ème circonscription,M. LEJEUNE Christophe,REM,"58,00 %",,,22/03/1969,39 - Autre profession libérale,2
71,1ère circonscription,M. DIRX Benjamin,REM,"57,29 %",,,25/01/1979,05 - Industriel-Chef entreprise,2
71,2ème circonscription,Mme CORNELOUP Josiane,LR,"51,04 %",,,30/09/1959,28 - Pharmacien,2
71,3ème circonscription,M. REBEYROTTE Rémy,REM,"55,43 %",,,27/03/1966,42 - Professeur du secondaire et techn.,2
71,4ème circonscription,Mme UNTERMAIER Cécile,SOC,"54,67 %",O,DEP,28/12/1951,45 - Magistrat,2
71,5ème circonscription,M. GAUVAIN Raphaël,REM,"55,09 %",,,10/04/1973,29 - Avocat,2
72,1ère circonscription,M. PICHEREAU Damien,REM,"50,09 %",,,28/01/1988,20 - Employé (secteur privé),2
72,2ème circonscription,Mme KARAMANLI Marietta,SOC,"61,88 %",O,DEP,18/12/1964,42 - Professeur du secondaire et techn.,2
72,3ème circonscription,Mme FONTENEL-PERSONNE Pascale,REM,"53,69 %",,,26/05/1962,05 - Industriel-Chef entreprise,2
72,4ème circonscription,M. LE FOLL Stéphane,SOC,"54,91 %",O,DEP,03/02/1960,42 - Professeur du secondaire et techn.,2
72,5ème circonscription,M. GRELIER Jean-Carles,LR,"52,73 %",,,15/03/1966,19 - Autre cadre (secteur privé),2
73,1ère circonscription,Mme DEGOIS Typhanie,REM,"50,76 %",,,06/01/1993,40 - Etudiant,2
73,2ème circonscription,M. ROLLAND Vincent,LR,"57,17 %",,,01/02/1970,18 - Cadre supérieur (secteur privé),2
73,3ème circonscription,Mme BONNIVARD Emilie,LR,"53,77 %",,,02/08/1980,19 - Autre cadre (secteur privé),2
73,4ème circonscription,M. MIGNOLA Patrick,MDM,"55,71 %",,,08/08/1971,05 - Industriel-Chef entreprise,2
74,1ère circonscription,Mme RIOTTON Véronique,REM,"64,32 %",,,02/11/1969,19 - Autre cadre (secteur privé),2
74,2ème circonscription,Mme LARDET Frédérique,REM,"53,60 %",,,01/09/1966,57 - Sans profession déclarée,2
74,3ème circonscription,M. SADDIER Martial,LR,"51,50 %",O,DEP,15/10/1969,57 - Sans profession déclarée,2
74,4ème circonscription,Mme DUBY-MULLER Virginie,LR,"54,63 %",O,DEP,16/08/1979,18 - Cadre supérieur (secteur privé),2
74,5ème circonscription,Mme LENNE Marion,REM,"53,66 %",,,20/11/1974,19 - Autre cadre (secteur privé),2
74,6ème circonscription,M. ROSEREN Xavier,REM,"56,51 %",,,12/01/1970,09 - Commercant,2
75,1ère circonscription,M. MAILLARD Sylvain,REM,"50,80 %",,,28/04/1974,05 - Industriel-Chef entreprise,1
75,2ème circonscription,M. LE GENDRE Gilles,REM,"54,53 %",,,13/05/1958,05 - Industriel-Chef entreprise,2
75,3ème circonscription,M. GUERINI Stanislas,REM,"65,50 %",,,14/05/1982,18 - Cadre supérieur (secteur privé),2
75,4ème circonscription,Mme KUSTER Brigitte,LR,"51,51 %",,MAI,12/04/1959,57 - Sans profession déclarée,2
75,5ème circonscription,M. GRIVEAUX Benjamin,REM,"56,27 %",,,29/12/1977,54 - Permanent politique,2
75,6ème circonscription,M. PERSON Pierre,REM,"50,99 %",,,22/01/1989,19 - Autre cadre (secteur privé),2
75,7ème circonscription,M. RUPIN Pacôme,REM,"55,90 %",,,25/01/1985,54 - Permanent politique,2
75,8ème circonscription,Mme AVIA Laetitia,REM,"64,56 %",,,29/10/1985,29 - Avocat,2
75,9ème circonscription,M. TAN Buon,REM,"55,26 %",,,10/03/1967,09 - Commercant,2
75,10ème circonscription,Mme LANG Anne-Christine,REM,"60,11 %",,,10/08/1961,47 - Fonctionnaire de catégorie A,2
75,11ème circonscription,Mme DE SARNEZ Marielle,MDM,"63,50 %",,"MIN,RPE",27/03/1951,56 - Autre profession,2
75,12ème circonscription,Mme GREGOIRE Olivia,REM,"56,36 %",,,30/09/1978,18 - Cadre supérieur (secteur privé),2
75,13ème circonscription,M. RENSON Hugues,REM,"55,99 %",,,11/02/1978,50 - Cadre sup. (entreprises publiques),2
75,14ème circonscription,M. GOASGUEN Claude,LR,"52,43 %",O,"DEP,MAI",12/03/1945,29 - Avocat,2
75,15ème circonscription,Mme PAU-LANGEVIN George,SOC,"60,29 %",O,DEP,19/10/1948,29 - Avocat,2
75,16ème circonscription,M. MAHJOUBI Mounir,REM,"51,18 %",,MIN,01/03/1984,39 - Autre profession libérale,2
75,17ème circonscription,Mme OBONO Danièle,FI,"50,71 %",,,12/07/1980,47 - Fonctionnaire de catégorie A,2
75,18ème circonscription,M. BOURNAZEL Pierre-Yves,LR,"53,61 %",,,31/08/1977,39 - Autre profession libérale,2
76,1ère circonscription,M. ADAM Damien,REM,"54,68 %",,,28/06/1989,18 - Cadre supérieur (secteur privé),2
76,2ème circonscription,Mme VIDAL Annie,REM,"60,54 %",,,17/09/1956,47 - Fonctionnaire de catégorie A,2
76,3ème circonscription,M. WULFRANC Hubert,COM,"61,07 %",,,17/12/1956,44 - Profession rattachée à l'enseignt.,2
76,4ème circonscription,Mme SYLLA Sira,REM,"60,73 %",,,14/03/1980,29 - Avocat,2
76,5ème circonscription,M. BOUILLON Christophe,SOC,"69,15 %",O,DEP,04/03/1969,56 - Autre profession,2
76,6ème circonscription,M. JUMEL Sébastien,COM,"52,27 %",,,20/12/1971,54 - Permanent politique,2
76,7ème circonscription,Mme FIRMIN LE BODO Agnès,LR,"61,92 %",,,20/11/1968,28 - Pharmacien,2
76,8ème circonscription,M. LECOQ Jean-Paul,COM,"62,70 %",,,13/10/1958,48 - Fonctionnaire de catégorie B,2
76,9ème circonscription,Mme KERBARH Stéphanie,REM,"62,94 %",,,31/07/1975,05 - Industriel-Chef entreprise,2
76,10ème circonscription,M. BATUT Xavier,REM,"61,72 %",,,26/12/1976,19 - Autre cadre (secteur privé),2
77,1ère circonscription,Mme LUQUET Aude,MDM,"56,01 %",,,18/08/1967,56 - Autre profession,2
77,2ème circonscription,Mme LACROUTE Valérie,LR,"54,09 %",O,DEP,29/10/1965,56 - Autre profession,2
77,3ème circonscription,M. JEGO Yves,UDI,"69,13 %",O,DEP,17/04/1961,29 - Avocat,2
77,4ème circonscription,M. JACOB Christian,LR,"61,77 %",O,DEP,04/12/1959,56 - Autre profession,2
77,5ème circonscription,M. RIESTER Franck,LR,"68,89 %",O,DEP,03/01/1974,05 - Industriel-Chef entreprise,2
77,6ème circonscription,M. PARIGI Jean-François,LR,"55,22 %",,,25/01/1960,56 - Autre profession,2
77,7ème circonscription,M. KOKOUENDO Rodrigue,REM,"61,48 %",,,08/03/1974,19 - Autre cadre (secteur privé),2
77,8ème circonscription,M. FAUVERGUE Jean-Michel,REM,"67,19 %",,,31/01/1957,47 - Fonctionnaire de catégorie A,2
77,9ème circonscription,Mme PEYRON Michèle,REM,"54,27 %",,,22/07/1961,19 - Autre cadre (secteur privé),2
77,10ème circonscription,Mme DO Stéphanie,REM,"56,31 %",,,20/12/1979,47 - Fonctionnaire de catégorie A,2
77,11ème circonscription,M. FAURE Olivier,SOC,"61,09 %",O,DEP,18/08/1968,18 - Cadre supérieur (secteur privé),2
78,1ère circonscription,M. BAICHÈRE Didier,REM,"51,06 %",,,20/08/1970,18 - Cadre supérieur (secteur privé),2
78,2ème circonscription,M. BARROT Jean-Noël,REM,"58,30 %",,,13/05/1983,41 - Professeur de faculté,2
78,3ème circonscription,Mme PIRON Béatrice,REM,"58,93 %",,,30/08/1965,05 - Industriel-Chef entreprise,2
78,4ème circonscription,Mme LEBEC Marie,REM,"61,39 %",,,17/12/1990,19 - Autre cadre (secteur privé),2
78,5ème circonscription,Mme BRAUN-PIVET Yaël,REM,"58,99 %",,,07/12/1970,56 - Autre profession,2
78,6ème circonscription,Mme POUZYREFF Natalia,REM,"58,34 %",,,18/02/1961,42 - Professeur du secondaire et techn.,2
78,7ème circonscription,Mme DE VAUCOULEURS Michèle,MDM,"55,57 %",,,12/02/1964,19 - Autre cadre (secteur privé),2
78,8ème circonscription,M. VIALAY Michel,LR,"52,87 %",,,06/01/1960,18 - Cadre supérieur (secteur privé),2
78,9ème circonscription,M. MILLIENNE Bruno,MDM,"54,49 %",,,28/11/1959,18 - Cadre supérieur (secteur privé),2
78,10ème circonscription,Mme BERGÉ Aurore,REM,"64,75 %",,,13/11/1986,18 - Cadre supérieur (secteur privé),2
78,11ème circonscription,Mme HAÏ Nadia,REM,"52,96 %",,,08/03/1980,19 - Autre cadre (secteur privé),2
78,12ème circonscription,Mme GRANJUS Florence,REM,"56,63 %",,,17/05/1962,50 - Cadre sup. (entreprises publiques),2
79,1ère circonscription,M. CHICHE Guillaume,REM,"60,42 %",,,30/03/1986,19 - Autre cadre (secteur privé),2
79,2ème circonscription,Mme BATHO Delphine,SOC,"56,94 %",O,DEP,23/03/1973,47 - Fonctionnaire de catégorie A,2
79,3ème circonscription,M. FIEVET Jean-Marie,REM,"59,37 %",,,19/06/1964,48 - Fonctionnaire de catégorie B,2
80,1ère circonscription,M. RUFFIN François,FI,"55,97 %",,,18/10/1975,37 - Journaliste et autre média,2
80,2ème circonscription,Mme POMPILI Barbara,REM,"61,89 %",O,DEP,13/06/1975,56 - Autre profession,2
80,3ème circonscription,M. MAQUET Emmanuel,LR,"60,14 %",,,02/06/1968,33 - Agent général d'assurances,2
80,4ème circonscription,M. LECLABART Jean-Claude,REM,"58,04 %",,,04/12/1954,58 - Retraité agricole,2
80,5ème circonscription,M. DEMILLY Stéphane,UDI,"53,85 %",O,DEP,26/06/1963,39 - Autre profession libérale,1
81,1ère circonscription,M. FOLLIOT Philippe,DVD,"70,69 %",O,DEP,14/07/1963,54 - Permanent politique,2
81,2ème circonscription,Mme VERDIER-JOUCLAS Marie-Christine,REM,"66,14 %",,,19/03/1965,56 - Autre profession,2
81,3ème circonscription,M. TERLIER Jean,REM,"52,11 %",,,02/03/1977,29 - Avocat,2
82,1ère circonscription,Mme RABAULT Valérie,SOC,"55,02 %",O,DEP,25/04/1973,13 - Ingénieur,2
82,2ème circonscription,Mme PINEL Sylvia,RDG,"55,40 %",O,DEP,28/09/1977,56 - Autre profession,2
83,1ère circonscription,Mme LEVY Geneviève,LR,"55,18 %",O,DEP,24/02/1948,60 - Retraité des professions libérales,2
83,2ème circonscription,Mme MUSCHOTTI Cécile,REM,"57,27 %",,,30/10/1987,42 - Professeur du secondaire et techn.,2
83,3ème circonscription,M. MASSON Jean-Louis,LR,"51,38 %",,,05/02/1954,63 - Retraité fonct.publique (sf enseig.),2
83,4ème circonscription,Mme MAUBORGNE Sereine,REM,"54,65 %",,,03/05/1972,39 - Autre profession libérale,2
83,5ème circonscription,M. MICHEL-KLEISBAUER Philippe,MDM,"53,24 %",,,06/03/1969,32 - Conseiller juridique,2
83,6ème circonscription,Mme GOMEZ-BASSAC Valérie,REM,"55,89 %",,,16/07/1969,29 - Avocat,2
83,7ème circonscription,Mme GUEREL Emilie,REM,"56,97 %",,,18/12/1983,42 - Professeur du secondaire et techn.,2
83,8ème circonscription,M. MATRAS Fabien,REM,"57,71 %",,,12/09/1984,56 - Autre profession,2
84,1ère circonscription,M. CESARINI Jean-François,REM,"58,10 %",,,30/09/1970,05 - Industriel-Chef entreprise,2
84,2ème circonscription,M. BOUCHET Jean-Claude,LR,"53,39 %",O,DEP,02/05/1957,56 - Autre profession,2
84,3ème circonscription,Mme POIRSON Brune,REM,"50,68 %",,,01/09/1982,39 - Autre profession libérale,2
84,4ème circonscription,M. BOMPARD Jacques,EXD,"50,37 %",O,DEP,24/02/1943,60 - Retraité des professions libérales,2
84,5ème circonscription,M. AUBERT Julien,LR,"50,89 %",O,DEP,11/06/1978,46 - Grands corps de l'état,2
85,1ère circonscription,M. LATOMBE Philippe,MDM,"54,41 %",,,21/04/1975,18 - Cadre supérieur (secteur privé),2
85,2ème circonscription,Mme GALLERNEAU Patricia,MDM,"59,58 %",,,09/09/1954,63 - Retraité fonct.publique (sf enseig.),2
85,3ème circonscription,M. BUCHOU Stéphane,REM,"60,16 %",,,14/03/1974,18 - Cadre supérieur (secteur privé),2
85,4ème circonscription,Mme LEGUILLE-BALLOY Martine,REM,"62,50 %",,,06/09/1957,29 - Avocat,2
85,5ème circonscription,M. HENRIET Pierre,REM,"53,36 %",,,26/11/1991,42 - Professeur du secondaire et techn.,2
86,1ère circonscription,M. SAVATIER Jacques,REM,"59,62 %",,,23/10/1952,63 - Retraité fonct.publique (sf enseig.),2
86,2ème circonscription,M. HOULIÉ Sacha,REM,"67,71 %",,,08/10/1988,29 - Avocat,2
86,3ème circonscription,M. CLÉMENT Jean-Michel,REM,"67,83 %",O,DEP,31/10/1954,29 - Avocat,2
86,4ème circonscription,M. TURQUOIS Nicolas,MDM,"51,34 %",,,26/07/1972,01 - Agriculteur-propriétaire exploit.,2
87,1ère circonscription,Mme BEAUDOUIN-HUBIERE Sophie,REM,"55,60 %",,,20/11/1972,57 - Sans profession déclarée,2
87,2ème circonscription,M. DJEBBARI-BONNET Jean-Baptiste,REM,"54,59 %",,,26/02/1982,05 - Industriel-Chef entreprise,2
87,3ème circonscription,Mme MAGNE Marie-Ange,REM,"62,78 %",,,20/11/1987,56 - Autre profession,2
88,1ère circonscription,M. VIRY Stéphane,LR,"53,12 %",,,14/10/1969,29 - Avocat,2
88,2ème circonscription,M. CHERPION Gérard,LR,"55,41 %",O,DEP,15/03/1948,60 - Retraité des professions libérales,2
88,3ème circonscription,M. NAEGELEN Christophe,DVD,"60,71 %",,,30/12/1983,05 - Industriel-Chef entreprise,2
88,4ème circonscription,M. GAULTIER Jean-Jacques,LR,"53,47 %",,,13/07/1963,24 - Médecin,2
89,1ère circonscription,M. LARRIVÉ Guillaume,LR,"52,60 %",O,DEP,24/01/1977,46 - Grands corps de l'état,2
89,2ème circonscription,M. VILLIERS André,UDI,"54,09 %",,,13/12/1954,01 - Agriculteur-propriétaire exploit.,2
89,3ème circonscription,Mme CROUZET Michèle,REM,"55,60 %",,,31/08/1967,05 - Industriel-Chef entreprise,2
90,1ère circonscription,M. BOUCARD Ian,LR,"50,75 %",,,05/05/1988,19 - Autre cadre (secteur privé),2
90,2ème circonscription,M. ZUMKELLER Michel,UDI,"53,84 %",O,DEP,21/01/1966,54 - Permanent politique,2
91,1ère circonscription,M. VALLS Manuel,DVG,"50,30 %",O,DEP,13/08/1962,56 - Autre profession,2
91,2ème circonscription,M. MARLIN Franck,LR,"59,42 %",O,DEP,30/09/1964,46 - Grands corps de l'état,2
91,3ème circonscription,Mme ROMEIRO DIAS Laëtitia,REM,"57,41 %",,,15/01/1981,19 - Autre cadre (secteur privé),2
91,4ème circonscription,Mme RIXAIN Marie-Pierre,REM,"57,75 %",,,18/01/1977,39 - Autre profession libérale,2
91,5ème circonscription,M. VILLANI Cédric,REM,"69,36 %",,,05/10/1973,41 - Professeur de faculté,2
91,6ème circonscription,Mme DE MONTCHALIN Amélie,REM,"61,34 %",,,19/06/1985,18 - Cadre supérieur (secteur privé),2
91,7ème circonscription,M. REDA Robin,LR,"53,04 %",,,10/05/1991,56 - Autre profession,2
91,8ème circonscription,M. DUPONT-AIGNAN Nicolas,DLF,"52,05 %",O,DEP,07/03/1961,47 - Fonctionnaire de catégorie A,2
91,9ème circonscription,Mme GUÉVENOUX Marie,REM,"57,96 %",,,02/11/1976,57 - Sans profession déclarée,2
91,10ème circonscription,M. RAPHAN Pierre-Alain,REM,"53,42 %",,,06/04/1983,39 - Autre profession libérale,2
92,1ère circonscription,Mme FAUCILLON Elsa,COM,"55,18 %",,,06/08/1981,20 - Employé (secteur privé),2
92,2ème circonscription,M. TAQUET Adrien,REM,"63,43 %",,,03/01/1977,37 - Journaliste et autre média,2
92,3ème circonscription,Mme HENNION Christine,REM,"58,66 %",,,23/08/1955,18 - Cadre supérieur (secteur privé),2
92,4ème circonscription,Mme FLORENNES Isabelle,REM,"67,27 %",,,02/08/1967,47 - Fonctionnaire de catégorie A,2
92,5ème circonscription,Mme CALVEZ Céline,REM,"62,51 %",,,24/07/1979,39 - Autre profession libérale,2
92,6ème circonscription,Mme LE GRIP Constance,LR,"53,81 %",,,14/11/1960,54 - Permanent politique,2
92,7ème circonscription,M. MARILOSSIAN Jacques,REM,"57,81 %",,,26/07/1958,18 - Cadre supérieur (secteur privé),2
92,8ème circonscription,M. MAIRE Jacques,REM,"61,03 %",,,04/04/1962,47 - Fonctionnaire de catégorie A,2
92,9ème circonscription,M. SOLÈRE Thierry,LR,"56,53 %",O,DEP,17/08/1971,18 - Cadre supérieur (secteur privé),2
92,10ème circonscription,M. ATTAL Gabriel,REM,"60,94 %",,,16/03/1989,39 - Autre profession libérale,2
92,11ème circonscription,Mme ROSSI Laurianne,REM,"52,33 %",,,18/05/1984,51 - Cadre (entreprises publiques),2
92,12ème circonscription,M. BOURLANGES Jean-Louis,MDM,"57,92 %",,,13/07/1946,63 - Retraité fonct.publique (sf enseig.),2
92,13ème circonscription,Mme DUMAS Frédérique,REM,"61,36 %",,,18/05/1963,05 - Industriel-Chef entreprise,2
93,1ère circonscription,M. COQUEREL Éric,FI,"51,73 %",,,30/12/1958,05 - Industriel-Chef entreprise,2
93,2ème circonscription,M. PEU Stéphane,FI,"57,89 %",,,24/07/1962,52 - Employé (autres entrep. publiques),2
93,3ème circonscription,M. ANATO Patrice,REM,"57,09 %",,,14/03/1976,19 - Autre cadre (secteur privé),2
93,4ème circonscription,Mme BUFFET Marie-George,COM,"59,62 %",O,DEP,07/05/1949,54 - Permanent politique,2
93,5ème circonscription,M. LAGARDE Jean-Christophe,UDI,"66,10 %",O,DEP,24/10/1967,56 - Autre profession,2
93,6ème circonscription,M. LACHAUD Bastien,FI,"55,01 %",,,05/08/1980,42 - Professeur du secondaire et techn.,2
93,7ème circonscription,M. CORBIÈRE Alexis,FI,"57,90 %",,,17/08/1968,42 - Professeur du secondaire et techn.,2
93,8ème circonscription,Mme CHARRIÈRE Sylvie,REM,"56,46 %",,,15/05/1961,47 - Fonctionnaire de catégorie A,2
93,9ème circonscription,Mme RUBIN Sabine,FI,"52,26 %",,,13/08/1960,47 - Fonctionnaire de catégorie A,2
93,10ème circonscription,M. RAMADIER Alain,LR,"52,92 %",,,08/07/1958,19 - Autre cadre (secteur privé),2
93,11ème circonscription,Mme AUTAIN Clémentine,FI,"59,52 %",,,26/05/1973,37 - Journaliste et autre média,2
93,12ème circonscription,M. TESTE Stéphane,REM,"53,00 %",,,10/05/1968,43 - Enseignant 1er deg.-directeur école,2
94,1ère circonscription,M. DESCROZAILLE Frédéric,REM,"52,47 %",,,16/04/1967,19 - Autre cadre (secteur privé),2
94,2ème circonscription,M. MBAYE Jean François,REM,"52,58 %",,,01/01/1979,51 - Cadre (entreprises publiques),2
94,3ème circonscription,M. SAINT-MARTIN Laurent,REM,"51,64 %",,,22/06/1985,18 - Cadre supérieur (secteur privé),2
94,4ème circonscription,Mme PETIT Maud,MDM,"53,55 %",,,15/11/1971,20 - Employé (secteur privé),2
94,5ème circonscription,M. CARREZ Gilles,LR,"50,49 %",O,DEP,29/08/1948,63 - Retraité fonct.publique (sf enseig.),2
94,6ème circonscription,M. GOUFFIER-CHA Guillaume,REM,"59,22 %",,,01/02/1986,56 - Autre profession,2
94,7ème circonscription,M. BRIDEY Jean-Jacques,REM,"52,70 %",O,DEP,07/05/1953,18 - Cadre supérieur (secteur privé),2
94,8ème circonscription,M. HERBILLON Michel,LR,"57,99 %",O,DEP,06/03/1951,56 - Autre profession,2
94,9ème circonscription,M. CARVOUNAS Luc,SOC,"58,74 %",,SEN,08/06/1971,57 - Sans profession déclarée,2
94,10ème circonscription,Mme PANOT Mathilde,FI,"52,22 %",,,15/01/1989,18 - Cadre supérieur (secteur privé),2
94,11ème circonscription,Mme GAILLOT Albane,REM,"53,61 %",,,07/07/1971,19 - Autre cadre (secteur privé),2
95,1ère circonscription,Mme MULLER-QUOY Isabelle,REM,"54,23 %",,,08/11/1967,41 - Professeur de faculté,2
95,2ème circonscription,M. VUILLETET Guillaume,REM,"50,96 %",,,20/06/1967,18 - Cadre supérieur (secteur privé),2
95,3ème circonscription,Mme RILHAC Cecile,REM,"58,33 %",,,21/04/1974,44 - Profession rattachée à l'enseignt.,2
95,4ème circonscription,Mme MOUTCHOU Naïma,REM,"59,37 %",,,04/11/1980,29 - Avocat,2
95,5ème circonscription,Mme LAZAAR Fiona,REM,"59,72 %",,,19/09/1985,19 - Autre cadre (secteur privé),2
95,6ème circonscription,Mme ELIMAS Nathalie,MDM,"57,11 %",,,05/06/1973,43 - Enseignant 1er deg.-directeur école,2
95,7ème circonscription,M. DA SILVA Dominique,REM,"53,88 %",,,30/06/1968,05 - Industriel-Chef entreprise,2
95,8ème circonscription,M. PUPPONI François,SOC,"65,80 %",O,DEP,31/07/1962,47 - Fonctionnaire de catégorie A,2
95,9ème circonscription,Mme PARK Zivka,REM,"51,67 %",,,22/01/1985,19 - Autre cadre (secteur privé),2
95,10ème circonscription,M. TACHE Aurelien,REM,"59,01 %",,,26/05/1984,47 - Fonctionnaire de catégorie A,2
